a57454c37c7054b38c73860a2efde4836cf48fcb,DELETE,regular-file,7cccc00c-6e86-4f26-b06e-ca80da66512e_ExportBlock-91fd0dfe-347b-441b-a7d7-41a0eb6734ec.zip,3625,
e4a8c5c0690058bb8e341600f0ec1d87b9c19906,DELETE,regular-file,Sedā.fm - prototype 1.zip,129857,
4219fe6429dcdbe5a27a352a90eb80738dae0a93,DELETE,regular-file,components.zip,440793,
ead90bc6c38561a177e9faf228120617150d8d5d,DELETE,regular-file,guidelines.zip,2685,
fb15a28a8863bd681cd214add9481ca8e2b1f41d,DELETE,regular-file,public.zip,1294,
215708fb0defe63e373c61b988e1a0813e27c178,DELETE,regular-file,seda-frontend-sandbox.zip,135752287,
0da6c444fe5d01b2fc695a768862b4aac9227069,DELETE,regular-file,styles.zip,5743,
61b8b241e6b8b77aad590fd7716fed1e9bfb9a0a,DELETE,regular-file,zips/Sedā.fm - prototype 1.zip,103454,
66e8f5326226b4ac591ac53a70c72158f2b60c2a,DELETE,regular-file,zips/seda_all_in_bundle.zip,23419,
94c574462ce07109bb0f04eed9780fc2a4906274,DELETE,regular-file,zips/seda_wave_a_bundle.zip,13343,
664b69db8b29f8b4cf41253484ec420036c18d02,DELETE,regular-file,zips/seda_wave_b_starter.zip,10362,
